team_x,submitted_id,team_sequence_count,global_id,sequence,B_hs_engaged,C_hs_engaged,all_hs_engaged,iplddt,pae,pde,esm2_log_likelihood,A_B_ipSAE,A_B_ipSAE_max,A_C_ipSAE,A_C_ipSAE_max,A_B_ipSAE_d0chn,A_B_ipSAE_d0chn_max,A_C_ipSAE_d0chn,A_C_ipSAE_d0chn_max,A_B_ipSAE_d0dom,A_B_ipSAE_d0dom_max,A_C_ipSAE_d0dom,A_C_ipSAE_d0dom_max,A_BC_iptm,A_B_iptm,A_C_iptm,total_score,A_BC_complex_normalized,A_BC_dG_cross,A_BC_dG_cross/dSASAx100,A_BC_dG_separated,A_BC_dG_separated/dSASAx100,A_BC_dSASA_hphobic,A_BC_dSASA_int,A_BC_dSASA_polar,A_BC_delta_unsatHbonds,A_BC_hbond_E_fraction,A_BC_hbonds_int,A_BC_nres_all,A_BC_nres_int,A_BC_packstat,A_BC_per_residue_energy_int,A_BC_sc_value,A_BC_side1_normalized,A_BC_side1_score,A_BC_side2_normalized,A_BC_side2_score,A_B_complex_normalized,A_B_dG_cross,A_B_dG_cross/dSASAx100,A_B_dG_separated,A_B_dG_separated/dSASAx100,A_B_dSASA_hphobic,A_B_dSASA_int,A_B_dSASA_polar,A_B_delta_unsatHbonds,A_B_hbond_E_fraction,A_B_hbonds_int,A_B_nres_all,A_B_nres_int,A_B_packstat,A_B_per_residue_energy_int,A_B_sc_value,A_B_side1_normalized,A_B_side1_score,A_B_side2_normalized,A_B_side2_score,A_C_complex_normalized,A_C_dG_cross,A_C_dG_cross/dSASAx100,A_C_dG_separated,A_C_dG_separated/dSASAx100,A_C_dSASA_hphobic,A_C_dSASA_int,A_C_dSASA_polar,A_C_delta_unsatHbonds,A_C_hbond_E_fraction,A_C_hbonds_int,A_C_nres_all,A_C_nres_int,A_C_packstat,A_C_per_residue_energy_int,A_C_sc_value,A_C_side1_normalized,A_C_side1_score,A_C_side2_normalized,A_C_side2_score,complex_normalized,dG_cross,dG_cross/dSASAx100,dG_separated,dG_separated/dSASAx100,dSASA_hphobic,dSASA_int,dSASA_polar,delta_unsatHbonds,hbond_E_fraction,hbonds_int,nres_all,nres_int,packstat,per_residue_energy_int,sc_value,side1_normalized,side1_score,side2_normalized,side2_score,logFC,logCPM,LR,PValue,FDR,2-fold threshold?,Significant,final_score,team_y,Cytotoxicity AUC (R: CD20),Cytotoxicity AUC (K: Control),Fold Change in CTV MFI AUC (Proliferation),Cytotoxicity AUC (R-K),% Cytokine+,Fold Change in Total Cell Count/Well (Expansion),Cytotoxicity AUC (R-K) MinMax Norm,% Cytokine+ MinMax Norm,Fold Change in Total Cell Count/Well (Expansion) MinMax Norm,Sum of Norms,Final Ranking
CAD Pro,seq372,372,1304,SSKSSRVVVISSLSSLLFFVLLLAAAMQQQCQQKYYELLYTTTTTTTSKKKKKQLQSSLLLLLLFAASLALIQSVKKKLL,0.0697674418604651,0.0930232558139534,0.0813953488372093,0.6336638629436493,8.129426956176758,4.795117056369781,-162.0544670578392,0.357141,0.464136,0.4429949999999999,0.616597,0.5354319999999999,0.553298,0.6136064999999999,0.696723,0.5264215,0.544208,0.60717,0.689729,0.8039127290248871,0.7844112813472748,0.8234141767024994,0.0,-0.794,0.0,0.0,-0.966,-0.674,100.471,143.364,42.893,0.0,-0.0,0.0,118.0,8.0,0.612,-0.087,0.0,-0.823,-4.113,1.14,3.42,-0.914,0.0,0.0,0.001,0.0,0.0,0.0,0.0,0.0,0.0,0.0,99.0,2.0,0.552,0.768,0.0,1.205,1.205,0.33,0.33,-0.938,0.0,0.0,-0.968,-0.675,100.471,143.364,42.893,0.0,-0.0,0.0,99.0,6.0,0.486,-0.371,0.0,-1.329,-5.318,1.545,3.09,-0.794,0.0,0.0,-0.966,-0.674,100.471,143.364,42.893,0.0,-0.0,0.0,118.0,8.0,0.612,-0.087,0.0,-0.823,-4.113,1.14,3.42,2.683683315,6.854773192,96.98510557,6.98508e-23,4.3269399999999995e-20,Up,True,51.96635823,CAD Pro,61.09,119.6,3.58,-58.51,0.57,2.99,-0.83,-0.05,0.03,-0.85,9
Perez Lab Gators,design_108,108,1506,SLEERRKELKEKVEAGELNYWEIMYEAMKLMIESGAPIEHLEYATNVIQNNPNNKELLEKIAEVALSGDLSLLEELVKEG,0.4418604651162791,0.0465116279069767,0.2441860465116279,0.8058313738216053,11.596670150756836,7.848974449047144,-172.94809336975604,0.025428,0.039405,0.012541,0.01381,0.2888845,0.307543,0.2875645,0.308041,0.0918975,0.172344,0.062059,0.112846,0.5071937516331673,0.5272237360477448,0.4871637672185898,0.0,-1.815,0.0,0.0,-22.601,-2.637,567.467,856.935,289.468,2.0,0.158,2.0,118.0,39.0,0.537,-2.337,0.0,-3.229,-77.498,-0.909,-13.64,-2.167,0.0,0.0,-22.601,-2.637,567.467,856.935,289.468,2.0,0.158,2.0,99.0,39.0,0.495,-2.337,0.0,-3.229,-77.498,-0.909,-13.64,,0.0,0.0,0.0,0.0,0.0,0.0,0.0,0.0,0.0,0.0,0.0,0.0,0.0,0.0,0.0,,0.0,,0.0,-1.815,0.0,0.0,-22.601,-2.637,567.467,856.935,289.468,2.0,0.158,2.0,118.0,39.0,0.537,-2.337,0.0,-3.229,-77.498,-0.909,-13.64,2.56914315,6.200671167,109.8609353,1.0511199999999999e-25,1.19372e-22,Up,True,56.32357362,Perez Lab Gators,280.5,227.6,9.0,52.9,22.63,5.95,0.67,1.04,0.29,1.99,1
LBM,sequence16333,28,1892,SKVDRRRKANEAYSAAYAALEKERAEATNEANALAAEAEKASEAEREALAKQKEEIKKKQHELCYKQMQVQENYNTRMVG,0.4418604651162791,0.0930232558139534,0.2674418604651162,0.8202290440362597,12.597118352914784,8.676950566180341,-193.0981448856841,0.012088,0.012906,0.0063995,0.012799,0.2805435,0.29403,0.1462765,0.292553,0.0506105,0.089951,0.0240885,0.048177,0.4666284322738647,0.4791170805692673,0.4541397839784622,0.0,-1.837,0.0,0.0,-21.87,-2.396,509.817,912.681,402.863,1.0,0.118,2.0,118.0,46.0,0.61,-2.439,0.0,-3.046,-91.392,-1.301,-20.815,-2.195,0.0,0.0,-22.034,-2.418,509.817,911.179,401.362,1.0,0.117,2.0,99.0,42.0,0.555,-2.546,0.0,-3.051,-88.488,-1.42,-18.456,-1.975,0.0,0.0,-0.063,-4.188,0.0,1.502,1.502,0.0,-0.0,0.0,99.0,6.0,0.554,-1.825,0.0,-2.756,-8.267,-0.894,-2.681,-1.837,0.0,0.0,-21.87,-2.396,509.817,912.681,402.863,1.0,0.118,2.0,118.0,46.0,0.61,-2.439,0.0,-3.046,-91.392,-1.301,-20.815,2.818602644,6.103395334,87.29568902,9.34514e-21,3.97986e-18,Up,True,49.04405854,LBM,73.47,118.0,3.38,-44.53,1.07,3.01,-0.64,-0.02,0.03,-0.63,8
Nucleate UK London,MC-dimer-SolMPNN-35,136,2383,DLLEKLLSLASFGDPEVRARMEALPPEEKKNSPEYQEYEQRRRSEIGRLHALYLLLRALGVDAKPEEFPGLLEAFPELGE,0.3953488372093023,0.1395348837209302,0.2674418604651162,0.847582531757042,16.402762539925114,13.014804324796122,-176.3011261768903,0.0,0.0,0.0,0.0,0.0,0.0,0.0,0.0,0.0,0.0,0.0,0.0,0.3651308938860893,0.3703199923038482,0.3599417954683304,0.0,-1.552,0.0,0.0,-16.16,-1.86,546.938,868.731,321.793,3.0,0.128,2.0,118.0,38.0,0.615,-1.839,0.0,-2.411,-50.624,-1.132,-19.25,-1.812,0.0,0.0,-14.436,-1.99,402.941,725.326,322.384,3.0,0.143,2.0,99.0,30.0,0.611,-1.857,0.0,-2.555,-45.996,-0.81,-9.717,-1.739,0.0,0.0,-2.954,-2.06,143.997,143.405,-0.591,0.0,-0.0,0.0,99.0,9.0,0.697,-1.753,0.0,-1.56,-6.242,-1.908,-9.54,-1.552,0.0,0.0,-16.16,-1.86,546.938,868.731,321.793,3.0,0.128,2.0,118.0,38.0,0.615,-1.839,0.0,-2.411,-50.624,-1.132,-19.25,3.117904753,8.091228559,129.994135,4.1099e-30,7.00122e-27,Up,True,81.54825745,Nucleate UK London,260.9,214.7,7.31,46.2,2.73,4.2,0.58,0.06,0.13,0.77,5
SNU LCDD,HL_RTX_183_84|-41.994,236,3494,MEKEIIIEVGEVKENGTIVLKGKTLDGGEVEEVEARSTYYGGNEKITIKITTKDGKETFTGYLKLLPGPYALFKGELEKE,0.0697674418604651,0.4186046511627907,0.2441860465116279,0.7173206189222503,10.601097593916224,6.766596259800255,-180.62278677704285,0.0158805,0.016827,0.0309165,0.047555,0.337208,0.348133,0.3260395,0.33818,0.1712985,0.188587,0.189668,0.201307,0.4864864647388458,0.4691247642040252,0.5038481652736664,0.0,-0.977,0.0,0.0,-23.987,-2.636,523.151,909.816,386.666,7.0,0.048,2.0,118.0,41.0,0.535,-1.418,0.0,-1.621,-38.912,-1.131,-19.23,-0.943,0.0,0.0,0.004,0.056,7.173,7.173,0.0,0.0,0.0,0.0,99.0,3.0,0.741,-2.726,0.0,-3.265,-6.531,-1.647,-1.647,-1.153,0.0,0.0,-23.991,-2.658,515.978,902.644,386.666,7.0,0.048,2.0,99.0,38.0,0.567,-1.315,0.0,-1.472,-32.381,-1.099,-17.583,-0.977,0.0,0.0,-23.987,-2.636,523.151,909.816,386.666,7.0,0.048,2.0,118.0,41.0,0.535,-1.418,0.0,-1.621,-38.912,-1.131,-19.23,5.218165622,8.131529978,55.91577047,7.56433e-14,9.37152e-12,Up,True,57.5469213,SNU LCDD,285.3,267.4,10.95,17.9,7.4,5.68,0.2,0.29,0.26,0.75,6
SNU LCDD,HL_OBZ_262_88|-33.5018,460,3718,NLEKIAAFYRELGERLAAALRARYPERAAEIDARLAEFLALVEKMLKDPSYLPEVEALLAEMAAELGARNVFDGYWLVDV,0.4418604651162791,0.1395348837209302,0.2906976744186046,0.7883816916209001,19.727791300471527,15.694054692428304,-165.84568866888543,0.0,0.0,0.0,0.0,0.0,0.0,0.0,0.0,0.0,0.0,0.0,0.0,0.3016889467835426,0.3066629320383072,0.2967149615287781,0.0,-1.856,0.0,0.0,-20.441,-2.162,510.494,945.367,434.874,3.0,0.186,3.0,118.0,47.0,0.579,-2.471,0.0,-3.086,-95.671,-1.28,-20.477,-2.195,0.0,0.0,-16.17,-2.066,439.154,782.732,343.578,3.0,0.107,1.0,99.0,40.0,0.527,-2.419,0.0,-2.997,-80.93,-1.218,-15.83,-2.113,0.0,0.0,-4.252,-2.614,71.339,162.635,91.296,0.0,0.488,2.0,99.0,8.0,0.557,-2.63,0.0,-3.209,-16.046,-1.664,-4.991,-1.856,0.0,0.0,-20.441,-2.162,510.494,945.368,434.874,3.0,0.186,3.0,118.0,47.0,0.579,-2.471,0.0,-3.086,-95.671,-1.28,-20.477,3.507860082,10.35879356,148.3370082,4.00372e-34,9.9226e-31,Up,True,105.2476402,SNU LCDD,277.6,254.2,11.29,23.4,10.0,5.64,0.27,0.42,0.26,0.95,4
Amigo Acids,AHOF_5th_seq178__9_dldesign_2.pdb,178,5300,GSWLQAALNIAEQIYKLGPEEQLQVLNDILEHIDSFTKEEAEALLVGVKELRKKLEAEGAPQEVLDAVDKLEKALEKKIK,0.3488372093023256,0.1162790697674418,0.2325581395348837,0.7691521094395564,13.945880448376691,10.199143392068368,-144.68237782197215,0.0058155,0.011631,0.0056935,0.011387,0.1365845,0.273169,0.134549,0.269098,0.0058155,0.011631,0.0056935,0.011387,0.4539471268653869,0.4660154581069946,0.4418787956237793,0.0,-1.791,0.0,0.0,-12.331,-1.839,430.324,670.533,240.209,1.0,-0.0,0.0,118.0,41.0,0.451,-1.709,0.0,-2.13,-55.389,-0.978,-14.672,-2.115,0.0,0.0,-11.82,-2.221,346.29,532.093,185.803,1.0,-0.0,0.0,99.0,34.0,0.437,-1.971,0.0,-2.549,-61.187,-0.584,-5.836,-2.019,0.0,0.0,-1.602,-1.157,84.034,138.44,54.406,1.0,1.11,1.0,99.0,10.0,0.555,-0.607,0.0,0.819,4.097,-2.033,-10.167,-1.791,0.0,0.0,-12.331,-1.839,430.324,670.533,240.209,1.0,-0.0,0.0,118.0,41.0,0.451,-1.709,0.0,-2.13,-55.389,-0.978,-14.672,2.839868104,7.428889178,88.5003617,5.08256e-21,2.30884e-18,Up,True,50.08563699,Amigo Acids,272.4,260.7,13.37,11.7,34.83,4.86,0.12,1.64,0.19,1.95,2
Binding Illini,"T=0.1,",315,5624,FSTVNIHFFKETEDNTLEYIGAIYPKFNDTSINPKYKNKVKLSYDKETKKATMTIINPTEEDNAKYLKAYSPYPGGPWIF,0.1162790697674418,0.3953488372093023,0.2558139534883721,0.7233737552988118,17.100089198067074,11.911482258448524,-240.5044813628216,0.0,0.0,0.0,0.0,0.0,0.0,0.0,0.0,0.0,0.0,0.0,0.0,0.2870011031627655,0.282299742102623,0.291702464222908,0.0,-1.577,0.0,0.0,-17.118,-2.157,539.062,793.505,254.443,7.0,0.052,1.0,118.0,36.0,0.678,-1.641,0.0,-1.902,-41.843,-1.232,-17.249,-1.694,0.0,0.0,0.242,0.591,14.102,40.894,26.792,0.0,0.0,0.0,99.0,7.0,0.658,-0.92,0.0,-0.887,-3.548,-0.965,-2.895,-1.856,0.0,0.0,-17.359,-2.307,524.959,752.611,227.651,7.0,0.051,1.0,99.0,30.0,0.705,-1.695,0.0,-1.92,-36.489,-1.305,-14.354,-1.577,0.0,0.0,-17.118,-2.157,539.062,793.505,254.443,7.0,0.052,1.0,118.0,36.0,0.678,-1.641,0.0,-1.902,-41.843,-1.232,-17.249,3.376816164,7.221802185,115.2317734,7.00167e-27,9.54188e-24,Up,True,77.73554403,Binding Illini,196.7,209.9,6.36,-13.2,3.37,5.94,-0.22,0.09,0.29,0.16,7
Schoeder Lab,206_CD20_3-33_120_dldesign_11_af2pred_RFdif_PMPNN_AFig,206,5981,NAAAVGDLQAMARGTIEAATIDKETADKATKIMVEYAKANANSEGVLKVVEDAAKKLKELGYEEGAKLLEETAKEIRKKL,0.4418604651162791,0.1395348837209302,0.2906976744186046,0.8834420304367507,3.06141558648404,1.659595066340182,-165.97858802361648,0.6179465,0.653307,0.5946994999999999,0.598191,0.773731,0.822211,0.751633,0.827778,0.7698365,0.814422,0.7471685,0.819592,0.863098993897438,0.870662271976471,0.8555357158184052,0.0,-2.084,0.0,0.0,-29.003,-2.355,761.344,1231.421,470.077,6.0,0.139,5.0,118.0,59.0,0.645,-2.334,0.0,-3.283,-121.475,-0.739,-16.254,-2.425,0.0,0.0,-23.828,-2.267,632.544,1051.105,418.56,4.0,0.169,5.0,99.0,48.0,0.632,-2.39,0.0,-3.31,-105.928,-0.549,-8.784,-2.291,0.0,0.0,-6.0,-3.327,128.8,180.317,51.517,2.0,-0.0,0.0,99.0,15.0,0.624,-2.143,0.0,-2.728,-24.555,-1.265,-7.59,-2.084,0.0,0.0,-29.003,-2.355,761.344,1231.421,470.077,6.0,0.139,5.0,118.0,59.0,0.645,-2.334,0.0,-3.283,-121.475,-0.739,-16.254,2.855993156,8.121195092,100.6308585,1.10828e-23,8.39088e-21,Up,True,57.33746869,Schoeder Lab,284.8,280.5,12.18,4.3,22.53,5.94,0.02,1.03,0.29,1.34,3
